exception_id,rule,severity,estimated_exposure_inr,reason,source_refs,status
EX-001,JE-03 post-close/backdated,HIGH,4900000,Voucher JRN-90001 posted to 2025-03-31 but created 2025-04-04 22:15 (after close 2025-03-31) by ADMIN-1 [privileged user].,general_ledger.csv:2964 general_ledger.csv:2965,New
EX-004,JE-09 quick reversal,HIGH,4900000,"Voucher JRN-90002 reverses JRN-90001 after 11 days; original posted 2025-03-31 by ADMIN-1, reversal by ADMIN-1. Reversal crosses the reporting date.",general_ledger.csv:2964 general_ledger.csv:2965 general_ledger.csv:2966 general_ledger.csv:2967,New
EX-002,JE-03 post-close/backdated,HIGH,830000,Voucher JRN-90003 posted to 2025-03-30 but created 2025-04-02 20:05 (after close 2025-03-31) by ADMIN-1 [privileged user].,general_ledger.csv:2968 general_ledger.csv:2969,New
EX-003,JE-03 post-close/backdated,HIGH,615000,Voucher JRN-90004 posted to 2025-03-28 but created 2025-04-05 19:30 (after close 2025-03-31) by MGR-1 [privileged user].,general_ledger.csv:2970 general_ledger.csv:2971,New
EX-014,VP-03 new vendor activity,HIGH,542800,"Vendor V-044 ""Shri Ram Traders"" created 2025-02-10 by ADMIN-1; Rs 5,42,800 of invoices booked within weeks of creation (SRT/0091).",purchase_register.csv:SRT/0091,New
EX-010,JE-07/JE-10 round/vague manual journal,HIGH,500000,"Manual journal JRN-90012 by ACCT-3 on 2025-01-21: round amount Rs 5,00,000 and vague narration ""adjustment"".",general_ledger.csv:2976 general_ledger.csv:2977,New
EX-016,VP-06 bank change before payment,HIGH,401200,"Bank account of V-006 ""Fortune Chemicals"" changed 2025-01-08 22:42 by ADMIN-1 (after hours); payment PMT-01149 of Rs 4,01,200 released 2025-01-09, 1 day(s) later.",audit_trail.csv:2025-01-08 22:42 general_ledger.csv:3000 general_ledger.csv:3001,New
EX-011,JE-07/JE-10 round/vague manual journal,HIGH,400000,"Manual journal JRN-90013 by ACCT-3 on 2025-03-27: round amount Rs 4,00,000 and vague narration ""adjustment"".",general_ledger.csv:2978 general_ledger.csv:2979,New
EX-009,JE-07/JE-10 round/vague manual journal,HIGH,300000,"Manual journal JRN-90011 by ACCT-3 on 2024-12-09: round amount Rs 3,00,000 and vague narration ""adjustment"".",general_ledger.csv:2974 general_ledger.csv:2975,New
EX-015,VP-04 duplicate invoice,HIGH,221191,"Invoices TT/2287 (2024-10-07) and TT/2287A (2024-10-21) from Trident Tools Ltd have identical value Rs 2,21,191 and matching numeric core — possible double booking.",purchase_register.csv:TT/2287 purchase_register.csv:TT/2287A,New
EX-008,JE-07/JE-10 round/vague manual journal,HIGH,200000,"Manual journal JRN-90010 by ACCT-3 on 2024-11-14: round amount Rs 2,00,000 and vague narration ""adjustment"".",general_ledger.csv:2972 general_ledger.csv:2973,New
EX-012,VP-05 threshold splitting,HIGH,147250,"3 payments to Prakash Machinery within 7 days, each just below the Rs 50,000 approval threshold: PMT-01142 2024-09-16 Rs 49,000; PMT-01143 2024-09-18 Rs 49,500; PMT-01144 2024-09-20 Rs 48,750. Group total exceeds the threshold.",general_ledger.csv:2980 general_ledger.csv:2981 general_ledger.csv:2982 general_ledger.csv:2983 general_ledger.csv:2984 general_ledger.csv:2985,New
EX-013,VP-01/VP-02 duplicate vendor / shared bank,HIGH,0,"Vendors V-014 ""Shree Ram Traders"" (created 2023-05-08 by ADMIN-1) and V-044 ""Shri Ram Traders"" (created 2025-02-10 by ADMIN-1) share bank account XXXXXX401918 / KKBK0006789.",vendor_master.csv:V-014 vendor_master.csv:V-044,New
EX-005,JE-07/JE-10 round/vague manual journal,MEDIUM,4900000,"Manual journal JRN-90001 by ADMIN-1 on 2025-03-31: round amount Rs 49,00,000.",general_ledger.csv:2964 general_ledger.csv:2965,New
EX-006,JE-07/JE-10 round/vague manual journal,MEDIUM,4900000,"Manual journal JRN-90002 by ADMIN-1 on 2025-04-11: round amount Rs 49,00,000.",general_ledger.csv:2966 general_ledger.csv:2967,New
EX-007,JE-07/JE-10 round/vague manual journal,MEDIUM,830000,"Manual journal JRN-90003 by ADMIN-1 on 2025-03-30: round amount Rs 8,30,000.",general_ledger.csv:2968 general_ledger.csv:2969,New
EX-031,BK-04 bank-only item,MEDIUM,300000,"Bank statement 2025-01-15 ""NEFT CR CONSOLIDATED COLLECTION AGENT"" Rs 3,00,000 (credit) has no matching book entry.",bank_statement.csv:AGG300K,New
EX-036,BK-04 books-only item,MEDIUM,118000,"Book entry PMT-01150 2025-03-20 ref CHQ004512 Rs 1,18,000 never appeared in the bank statement.",bank_ledger.csv:PMT-01150,New
EX-033,BK-04 books-only item,MEDIUM,100000,"Book entry RCT-01151 2025-01-15 ref COLL20251 Rs 1,00,000 never appeared in the bank statement [stale >30 days at close].",bank_ledger.csv:RCT-01151,New
EX-034,BK-04 books-only item,MEDIUM,100000,"Book entry RCT-01152 2025-01-15 ref COLL20252 Rs 1,00,000 never appeared in the bank statement [stale >30 days at close].",bank_ledger.csv:RCT-01152,New
EX-035,BK-04 books-only item,MEDIUM,100000,"Book entry RCT-01153 2025-01-15 ref COLL20253 Rs 1,00,000 never appeared in the bank statement [stale >30 days at close].",bank_ledger.csv:RCT-01153,New
EX-023,GS-01 books-only (not in 2B),MEDIUM,82800,"Invoice SRT/0091 from Shri Ram Traders (Rs 5,42,800) is in the purchase register but absent from GSTR-2B. Potential ITC exposure Rs 82,800 — eligibility for professional review.",purchase_register.csv:SRT/0091,New
EX-026,GS-01 2B-only (not in books),MEDIUM,37854,"Supplier Imperial Paints filed invoice IP/3302 (2024-11-28, taxable Rs 2,10,300) in GSTR-2B but it is not booked — possible unrecorded purchase or supplier error.",gstr2b.csv:IP/3302,New
EX-024,GS-01 books-only (not in 2B),MEDIUM,33741,"Invoice TT/2287A from Trident Tools Ltd (Rs 2,21,191) is in the purchase register but absent from GSTR-2B. Potential ITC exposure Rs 33,741 — eligibility for professional review.",purchase_register.csv:TT/2287A,New
EX-019,GS-01 books-only (not in 2B),MEDIUM,23402,"Invoice SI006/2047 from Fortune Chemicals (Rs 1,53,415.34) is in the purchase register but absent from GSTR-2B. Potential ITC exposure Rs 23,402 — eligibility for professional review.",purchase_register.csv:SI006/2047,New
EX-025,GS-01 2B-only (not in books),MEDIUM,17370,"Supplier Ganga Traders filed invoice GT/8801 (2024-07-19, taxable Rs 96,500) in GSTR-2B but it is not booked — possible unrecorded purchase or supplier error.",gstr2b.csv:GT/8801,New
EX-021,GS-01 books-only (not in 2B),MEDIUM,14993,"Invoice SI039/2088 from Liberty Rubber Works (Rs 98,290.46) is in the purchase register but absent from GSTR-2B. Potential ITC exposure Rs 14,993 — eligibility for professional review.",purchase_register.csv:SI039/2088,New
EX-022,GS-01 value mismatch books vs 2B,MEDIUM,14745,"Invoice SI002/2130 (Balaji Packaging Co): books taxable Rs 1,63,833 vs 2B Rs 81,916.5. Tax difference Rs 14,745.",purchase_register.csv:SI002/2130 gstr2b.csv:SI002/2130,New
EX-017,GS-01 books-only (not in 2B),MEDIUM,10665,"Invoice SI037/2012 from Jyoti Electrodes (Rs 69,916.18) is in the purchase register but absent from GSTR-2B. Potential ITC exposure Rs 10,665 — eligibility for professional review.",purchase_register.csv:SI037/2012,New
EX-027,GS-01 2B-only (not in books),MEDIUM,9738,"Supplier Mount Cables filed invoice MC/1190 (2025-02-05, taxable Rs 54,100) in GSTR-2B but it is not booked — possible unrecorded purchase or supplier error.",gstr2b.csv:MC/1190,New
EX-018,GS-01 value mismatch books vs 2B,MEDIUM,2185,"Invoice SI028/2023 (Anand Auto Parts): books taxable Rs 1,21,410 vs 2B Rs 1,09,269. Tax difference Rs 2,185.",purchase_register.csv:SI028/2023 gstr2b.csv:SI028/2023,New
EX-020,GS-01 value mismatch books vs 2B,MEDIUM,1094,"Invoice SI011/2061 (Kaveri Transport Co): books taxable Rs 1,21,538 vs 2B Rs 1,27,614.9. Tax difference Rs 1,094.",purchase_register.csv:SI011/2061 gstr2b.csv:SI011/2061,New
EX-032,BK-04 bank-only item,LOW,2714,"Bank statement 2025-03-31 ""BANK CHARGES QTR4"" Rs 2,714 (debit) has no matching book entry.",bank_statement.csv:CHG20250331,New
EX-030,BK-04 bank-only item,LOW,2596,"Bank statement 2024-12-31 ""BANK CHARGES QTR3"" Rs 2,596 (debit) has no matching book entry.",bank_statement.csv:CHG20241231,New
EX-029,BK-04 bank-only item,LOW,2478,"Bank statement 2024-09-30 ""BANK CHARGES QTR2"" Rs 2,478 (debit) has no matching book entry.",bank_statement.csv:CHG20240930,New
EX-028,BK-04 bank-only item,LOW,2360,"Bank statement 2024-06-30 ""BANK CHARGES QTR1"" Rs 2,360 (debit) has no matching book entry.",bank_statement.csv:CHG20240630,New
